-- phpMyAdmin SQL Dump
-- version 4.8.0
-- https://www.phpmyadmin.net/
--
-- Host: localhost
-- Generation Time: Mar 16, 2020 at 02:34 AM
-- Server version: 10.1.31-MariaDB
-- PHP Version: 7.2.4

SET SQL_MODE = "NO_AUTO_VALUE_ON_ZERO";
SET AUTOCOMMIT = 0;
START TRANSACTION;
SET time_zone = "+00:00";


/*!40101 SET @OLD_CHARACTER_SET_CLIENT=@@CHARACTER_SET_CLIENT */;
/*!40101 SET @OLD_CHARACTER_SET_RESULTS=@@CHARACTER_SET_RESULTS */;
/*!40101 SET @OLD_COLLATION_CONNECTION=@@COLLATION_CONNECTION */;
/*!40101 SET NAMES utf8mb4 */;

--
-- Database: `myprodisdb`
--

-- --------------------------------------------------------

--
-- Table structure for table `admintb`
--

CREATE TABLE `admintb` (
  `username` varchar(50) NOT NULL,
  `password` varchar(30) NOT NULL
) ENGINE=InnoDB DEFAULT CHARSET=latin1;

--
-- Dumping data for table `admintb`
--

INSERT INTO `admintb` (`username`, `password`) VALUES
('admin', 'admin123');

-- --------------------------------------------------------

--
-- Table structure for table `appointmenttb`
--

CREATE TABLE `appointmenttb` (
  `sid` int(11) NOT NULL,
  `ID` int(11) NOT NULL,
  `fname` varchar(20) NOT NULL,
  `lname` varchar(20) NOT NULL,
  `gender` varchar(10) NOT NULL,
  `email` varchar(30) NOT NULL,
  `contact` varchar(10) NOT NULL,
  `faculty` varchar(30) NOT NULL,
  -- `docFees` int(5) NOT NULL,
  `appdate` date NOT NULL,
  `apptime` time NOT NULL,
  `userStatus` int(5) NOT NULL,
  `facultyStatus` int(5) NOT NULL
) ENGINE=InnoDB DEFAULT CHARSET=latin1;

--
-- Dumping data for table `appointmenttb`
--

INSERT INTO `appointmenttb` (`sid`, `ID`, `fname`, `lname`, `gender`, `email`, `contact`, `faculty`, `appdate`, `apptime`, `userStatus`, `facultyStatus`) VALUES
(4, 1, 'Kishan', 'Lal', 'Male', 'kishansmart0@gmail.com', '8838489464', 'Ganesh',  '2020-02-14', '10:00:00', 1, 0),
(4, 2, 'Kishan', 'Lal', 'Male', 'kishansmart0@gmail.com', '8838489464', 'Dinesh',  '2020-02-28', '10:00:00', 0, 1),
(4, 3, 'Kishan', 'Lal', 'Male', 'kishansmart0@gmail.com', '8838489464', 'Amit',  '2020-02-19', '03:00:00', 0, 1),
(11, 4, 'Shraddha', 'Kapoor', 'Female', 'shraddha@gmail.com', '9768946252', 'ashok',  '2020-02-29', '20:00:00', 1, 1),
(4, 5, 'Kishan', 'Lal', 'Male', 'kishansmart0@gmail.com', '8838489464', 'Dinesh',  '2020-02-28', '12:00:00', 1, 1),
(4, 6, 'Kishan', 'Lal', 'Male', 'kishansmart0@gmail.com', '8838489464', 'Ganesh',  '2020-02-26', '15:00:00', 0, 1),
(2, 8, 'Alia', 'Bhatt', 'Female', 'alia@gmail.com', '8976897689', 'Ganesh',  '2020-03-21', '10:00:00', 1, 1),
(5, 9, 'Gautam', 'Shankararam', 'Male', 'gautam@gmail.com', '9070897653', 'Ganesh',  '2020-03-19', '20:00:00', 1, 0),
(4, 10, 'Kishan', 'Lal', 'Male', 'kishansmart0@gmail.com', '8838489464', 'Ganesh',  '0000-00-00', '14:00:00', 1, 0),
(4, 11, 'Kishan', 'Lal', 'Male', 'kishansmart0@gmail.com', '8838489464', 'Dinesh',  '2020-03-27', '15:00:00', 1, 1),
(9, 12, 'William', 'Blake', 'Male', 'william@gmail.com', '8683619153', 'Kumar',  '2020-03-26', '12:00:00', 1, 1),
(9, 13, 'William', 'Blake', 'Male', 'william@gmail.com', '8683619153', 'Tiwary',  '2020-03-26', '14:00:00', 1, 1);

-- --------------------------------------------------------

--
-- Table structure for table `contact`
--

CREATE TABLE `contact` (
  `name` varchar(30) NOT NULL,
  `email` text NOT NULL,
  `contact` varchar(10) NOT NULL,
  `message` varchar(200) NOT NULL
) ENGINE=InnoDB DEFAULT CHARSET=latin1;

--
-- Dumping data for table `contact`
--

INSERT INTO `contact` (`name`, `email`, `contact`, `message`) VALUES
('Anu', 'anu@gmail.com', '7896677554', 'Hey Admin'),
(' Viki', 'viki@gmail.com', '9899778865', 'Good Job, Pal'),
('Ananya', 'ananya@gmail.com', '9997888879', 'How can I reach you?'),
('Aakash', 'aakash@gmail.com', '8788979967', 'Love your site'),
('Mani', 'mani@gmail.com', '8977768978', 'Want some coffee?'),
('Karthick', 'karthi@gmail.com', '9898989898', 'Good service'),
('Abbis', 'abbis@gmail.com', '8979776868', 'Love your service'),
('Asiq', 'asiq@gmail.com', '9087897564', 'Love your service. Thank you!'),
('Jane', 'jane@gmail.com', '7869869757', 'I love your service!');

-- --------------------------------------------------------

--
-- Table structure for table `factb`
--

CREATE TABLE `factb` (
  `username` varchar(50) NOT NULL,
  `password` varchar(50) NOT NULL,
  `email` varchar(50) NOT NULL,
  `spec` varchar(50) NOT NULL
  
) ENGINE=InnoDB DEFAULT CHARSET=latin1;

--
-- Dumping data for table `factb`
--

INSERT INTO `factb` (`username`, `password`, `email`, `spec`) VALUES
('ashok', 'ashok123', 'ashok@gmail.com', 'CSE'),
('arun', 'arun123', 'arun@gmail.com', 'IT'),
('Dinesh', 'dinesh123', 'dinesh@gmail.com', 'Mechanical'),
('Ganesh', 'ganesh123', 'ganesh@gmail.com', 'ECE'),
('Kumar', 'kumar123', 'kumar@gmail.com', 'IT'),
('Amit', 'amit123', 'amit@gmail.com', 'EEE'),
('Abbis', 'abbis123', 'abbis@gmail.com', 'CSE(IoTCSBT)'),
('Tiwary', 'tiwary123', 'tiwary@gmail.com', 'CSE(AIML)');

-- --------------------------------------------------------

--
-- Table structure for table `stureg`
--

CREATE TABLE `stureg` (
  `sid` int(11) NOT NULL,
  `fname` varchar(20) NOT NULL,
  `lname` varchar(20) NOT NULL,
  `gender` varchar(10) NOT NULL,
  `email` varchar(30) NOT NULL,
  `contact` varchar(10) NOT NULL,
  `password` varchar(30) NOT NULL,
  `cpassword` varchar(30) NOT NULL
) ENGINE=InnoDB DEFAULT CHARSET=latin1;

--
-- Dumping data for table `stureg`
--

INSERT INTO `stureg` (`sid`, `fname`, `lname`, `gender`, `email`, `contact`, `password`, `cpassword`) VALUES
(1, 'Ram', 'Kumar', 'Male', 'ram@gmail.com', '9876543210', 'ram123', 'ram123'),
(2, 'Alia', 'Bhatt', 'Female', 'alia@gmail.com', '8976897689', 'alia123', 'alia123'),
(3, 'Shahrukh', 'khan', 'Male', 'shahrukh@gmail.com', '8976898463', 'shahrukh123', 'shahrukh123'),
(4, 'Kishan', 'Lal', 'Male', 'kishansmart0@gmail.com', '8838489464', 'kishan123', 'kishan123'),
(5, 'Gautam', 'Shankararam', 'Male', 'gautam@gmail.com', '9070897653', 'gautam123', 'gautam123'),
(6, 'Sushant', 'Singh', 'Male', 'sushant@gmail.com', '9059986865', 'sushant123', 'sushant123'),
(7, 'Nancy', 'Deborah', 'Female', 'nancy@gmail.com', '9128972454', 'nancy123', 'nancy123'),
(8, 'Kenny', 'Sebastian', 'Male', 'kenny@gmail.com', '9809879868', 'kenny123', 'kenny123'),
(9, 'William', 'Blake', 'Male', 'william@gmail.com', '8683619153', 'william123', 'william123'),
(10, 'Peter', 'Norvig', 'Male', 'peter@gmail.com', '9609362815', 'peter123', 'peter123'),
(11, 'Shraddha', 'Kapoor', 'Female', 'shraddha@gmail.com', '9768946252', 'shraddha123', 'shraddha123');

-- --------------------------------------------------------

--
-- Table structure for table `feedtb`
--

CREATE TABLE `feedtb` (
  `faculty` varchar(50) NOT NULL,
  `sid` int(11) NOT NULL,
  `ID` int(11) NOT NULL,
  `fname` varchar(50) NOT NULL,
  `lname` varchar(50) NOT NULL,
  `appdate` date NOT NULL,
  `apptime` time NOT NULL,
  -- `disease` varchar(250) NOT NULL,
  -- `allergy` varchar(250) NOT NULL,
  `feedback` varchar(1000) NOT NULL
) ENGINE=InnoDB DEFAULT CHARSET=latin1;

--
-- Dumping data for table `feedtb`
--

INSERT INTO `feedtb` (`faculty`, `sid`, `ID`, `fname`, `lname`, `appdate`, `apptime`,`feedback`) VALUES
('Dinesh', 4, 11, 'Kishan', 'Lal', '2020-03-27', '15:00:00', 'Just take a teaspoon of Benadryl every night'),
('Ganesh', 2, 8, 'Alia', 'Bhatt', '2020-03-21', '10:00:00',  'Take bed rest'),
('Kumar', 9, 12, 'William', 'Blake', '2020-03-26', '12:00:00',  'Paracetamol -> 1 every morning and night'),
('Tiwary', 9, 13, 'William', 'Blake', '2020-03-26', '14:00:00', 'Intake fruits with more water content');

--
-- Indexes for dumped tables
--

--
-- Indexes for table `appointmenttb`
--
ALTER TABLE `appointmenttb`
  ADD PRIMARY KEY (`ID`);

--
-- Indexes for table `stureg`
--
ALTER TABLE `stureg`
  ADD PRIMARY KEY (`sid`);

--
-- AUTO_INCREMENT for dumped tables
--

--
-- AUTO_INCREMENT for table `appointmenttb`
--
ALTER TABLE `appointmenttb`
  MODIFY `ID` int(11) NOT NULL AUTO_INCREMENT, AUTO_INCREMENT=14;

--
-- AUTO_INCREMENT for table `stureg`
--
ALTER TABLE `stureg`
  MODIFY `sid` int(11) NOT NULL AUTO_INCREMENT, AUTO_INCREMENT=12;
COMMIT;

/*!40101 SET CHARACTER_SET_CLIENT=@OLD_CHARACTER_SET_CLIENT */;
/*!40101 SET CHARACTER_SET_RESULTS=@OLD_CHARACTER_SET_RESULTS */;
/*!40101 SET COLLATION_CONNECTION=@OLD_COLLATION_CONNECTION */;
